--
-- PostgreSQL database dump
--

-- Dumped from database version 17.5
-- Dumped by pg_dump version 17.5

SET statement_timeout = 0;
SET lock_timeout = 0;
SET idle_in_transaction_session_timeout = 0;
SET transaction_timeout = 0;
SET client_encoding = 'UTF8';
SET standard_conforming_strings = on;
SELECT pg_catalog.set_config('search_path', '', false);
SET check_function_bodies = false;
SET xmloption = content;
SET client_min_messages = warning;
SET row_security = off;

SET default_tablespace = '';

SET default_table_access_method = heap;

--
-- Name: auth_group; Type: TABLE; Schema: public; Owner: postgres
--

CREATE TABLE public.auth_group (
    id integer NOT NULL,
    name character varying(150) NOT NULL
);


ALTER TABLE public.auth_group OWNER TO postgres;

--
-- Name: auth_group_id_seq; Type: SEQUENCE; Schema: public; Owner: postgres
--

ALTER TABLE public.auth_group ALTER COLUMN id ADD GENERATED BY DEFAULT AS IDENTITY (
    SEQUENCE NAME public.auth_group_id_seq
    START WITH 1
    INCREMENT BY 1
    NO MINVALUE
    NO MAXVALUE
    CACHE 1
);


--
-- Name: auth_group_permissions; Type: TABLE; Schema: public; Owner: postgres
--

CREATE TABLE public.auth_group_permissions (
    id bigint NOT NULL,
    group_id integer NOT NULL,
    permission_id integer NOT NULL
);


ALTER TABLE public.auth_group_permissions OWNER TO postgres;

--
-- Name: auth_group_permissions_id_seq; Type: SEQUENCE; Schema: public; Owner: postgres
--

ALTER TABLE public.auth_group_permissions ALTER COLUMN id ADD GENERATED BY DEFAULT AS IDENTITY (
    SEQUENCE NAME public.auth_group_permissions_id_seq
    START WITH 1
    INCREMENT BY 1
    NO MINVALUE
    NO MAXVALUE
    CACHE 1
);


--
-- Name: auth_permission; Type: TABLE; Schema: public; Owner: postgres
--

CREATE TABLE public.auth_permission (
    id integer NOT NULL,
    name character varying(255) NOT NULL,
    content_type_id integer NOT NULL,
    codename character varying(100) NOT NULL
);


ALTER TABLE public.auth_permission OWNER TO postgres;

--
-- Name: auth_permission_id_seq; Type: SEQUENCE; Schema: public; Owner: postgres
--

ALTER TABLE public.auth_permission ALTER COLUMN id ADD GENERATED BY DEFAULT AS IDENTITY (
    SEQUENCE NAME public.auth_permission_id_seq
    START WITH 1
    INCREMENT BY 1
    NO MINVALUE
    NO MAXVALUE
    CACHE 1
);


--
-- Name: bom_bom; Type: TABLE; Schema: public; Owner: postgres
--

CREATE TABLE public.bom_bom (
    bom_id uuid NOT NULL,
    name character varying(150) NOT NULL,
    version character varying(20) NOT NULL,
    is_active boolean NOT NULL,
    description text NOT NULL,
    created_at timestamp with time zone NOT NULL,
    updated_at timestamp with time zone NOT NULL,
    created_by_id bigint,
    product_id uuid NOT NULL
);


ALTER TABLE public.bom_bom OWNER TO postgres;

--
-- Name: bom_bomcomponent; Type: TABLE; Schema: public; Owner: postgres
--

CREATE TABLE public.bom_bomcomponent (
    id bigint NOT NULL,
    quantity numeric(10,2) NOT NULL,
    notes text NOT NULL,
    bom_id uuid NOT NULL,
    component_id uuid NOT NULL
);


ALTER TABLE public.bom_bomcomponent OWNER TO postgres;

--
-- Name: bom_bomcomponent_id_seq; Type: SEQUENCE; Schema: public; Owner: postgres
--

ALTER TABLE public.bom_bomcomponent ALTER COLUMN id ADD GENERATED BY DEFAULT AS IDENTITY (
    SEQUENCE NAME public.bom_bomcomponent_id_seq
    START WITH 1
    INCREMENT BY 1
    NO MINVALUE
    NO MAXVALUE
    CACHE 1
);


--
-- Name: bom_bomoperation; Type: TABLE; Schema: public; Owner: postgres
--

CREATE TABLE public.bom_bomoperation (
    id bigint NOT NULL,
    name character varying(100) NOT NULL,
    sequence integer NOT NULL,
    duration_minutes integer NOT NULL,
    description text NOT NULL,
    setup_time_minutes integer NOT NULL,
    bom_id uuid NOT NULL,
    work_center_id uuid NOT NULL,
    CONSTRAINT bom_bomoperation_duration_minutes_check CHECK ((duration_minutes >= 0)),
    CONSTRAINT bom_bomoperation_sequence_check CHECK ((sequence >= 0)),
    CONSTRAINT bom_bomoperation_setup_time_minutes_check CHECK ((setup_time_minutes >= 0))
);


ALTER TABLE public.bom_bomoperation OWNER TO postgres;

--
-- Name: bom_bomoperation_id_seq; Type: SEQUENCE; Schema: public; Owner: postgres
--

ALTER TABLE public.bom_bomoperation ALTER COLUMN id ADD GENERATED BY DEFAULT AS IDENTITY (
    SEQUENCE NAME public.bom_bomoperation_id_seq
    START WITH 1
    INCREMENT BY 1
    NO MINVALUE
    NO MAXVALUE
    CACHE 1
);


--
-- Name: django_admin_log; Type: TABLE; Schema: public; Owner: postgres
--

CREATE TABLE public.django_admin_log (
    id integer NOT NULL,
    action_time timestamp with time zone NOT NULL,
    object_id text,
    object_repr character varying(200) NOT NULL,
    action_flag smallint NOT NULL,
    change_message text NOT NULL,
    content_type_id integer,
    user_id bigint NOT NULL,
    CONSTRAINT django_admin_log_action_flag_check CHECK ((action_flag >= 0))
);


ALTER TABLE public.django_admin_log OWNER TO postgres;

--
-- Name: django_admin_log_id_seq; Type: SEQUENCE; Schema: public; Owner: postgres
--

ALTER TABLE public.django_admin_log ALTER COLUMN id ADD GENERATED BY DEFAULT AS IDENTITY (
    SEQUENCE NAME public.django_admin_log_id_seq
    START WITH 1
    INCREMENT BY 1
    NO MINVALUE
    NO MAXVALUE
    CACHE 1
);


--
-- Name: django_content_type; Type: TABLE; Schema: public; Owner: postgres
--

CREATE TABLE public.django_content_type (
    id integer NOT NULL,
    app_label character varying(100) NOT NULL,
    model character varying(100) NOT NULL
);


ALTER TABLE public.django_content_type OWNER TO postgres;

--
-- Name: django_content_type_id_seq; Type: SEQUENCE; Schema: public; Owner: postgres
--

ALTER TABLE public.django_content_type ALTER COLUMN id ADD GENERATED BY DEFAULT AS IDENTITY (
    SEQUENCE NAME public.django_content_type_id_seq
    START WITH 1
    INCREMENT BY 1
    NO MINVALUE
    NO MAXVALUE
    CACHE 1
);


--
-- Name: django_migrations; Type: TABLE; Schema: public; Owner: postgres
--

CREATE TABLE public.django_migrations (
    id bigint NOT NULL,
    app character varying(255) NOT NULL,
    name character varying(255) NOT NULL,
    applied timestamp with time zone NOT NULL
);


ALTER TABLE public.django_migrations OWNER TO postgres;

--
-- Name: django_migrations_id_seq; Type: SEQUENCE; Schema: public; Owner: postgres
--

ALTER TABLE public.django_migrations ALTER COLUMN id ADD GENERATED BY DEFAULT AS IDENTITY (
    SEQUENCE NAME public.django_migrations_id_seq
    START WITH 1
    INCREMENT BY 1
    NO MINVALUE
    NO MAXVALUE
    CACHE 1
);


--
-- Name: django_session; Type: TABLE; Schema: public; Owner: postgres
--

CREATE TABLE public.django_session (
    session_key character varying(40) NOT NULL,
    session_data text NOT NULL,
    expire_date timestamp with time zone NOT NULL
);


ALTER TABLE public.django_session OWNER TO postgres;

--
-- Name: inventory_stockadjustment; Type: TABLE; Schema: public; Owner: postgres
--

CREATE TABLE public.inventory_stockadjustment (
    adjustment_id uuid NOT NULL,
    adjustment_number character varying(50) NOT NULL,
    expected_quantity numeric(10,2) NOT NULL,
    actual_quantity numeric(10,2) NOT NULL,
    adjustment_quantity numeric(10,2) NOT NULL,
    adjustment_type character varying(20) NOT NULL,
    reason text NOT NULL,
    is_approved boolean NOT NULL,
    approved_at timestamp with time zone,
    created_at timestamp with time zone NOT NULL,
    approved_by_id bigint,
    created_by_id bigint,
    product_id uuid NOT NULL
);


ALTER TABLE public.inventory_stockadjustment OWNER TO postgres;

--
-- Name: inventory_stockledger; Type: TABLE; Schema: public; Owner: postgres
--

CREATE TABLE public.inventory_stockledger (
    ledger_id uuid NOT NULL,
    quantity_change numeric(10,2) NOT NULL,
    stock_before numeric(10,2) NOT NULL,
    stock_after numeric(10,2) NOT NULL,
    movement_type character varying(20) NOT NULL,
    reference_number character varying(100) NOT NULL,
    notes text NOT NULL,
    transaction_time timestamp with time zone NOT NULL,
    created_by_id bigint,
    product_id uuid NOT NULL,
    related_mo_id uuid
);


ALTER TABLE public.inventory_stockledger OWNER TO postgres;

--
-- Name: manufacturing_manufacturingorder; Type: TABLE; Schema: public; Owner: postgres
--

CREATE TABLE public.manufacturing_manufacturingorder (
    mo_id uuid NOT NULL,
    mo_number character varying(50) NOT NULL,
    quantity_to_produce integer NOT NULL,
    status character varying(20) NOT NULL,
    priority character varying(10) NOT NULL,
    scheduled_start_date date NOT NULL,
    scheduled_end_date date,
    actual_start_date timestamp with time zone,
    completion_date timestamp with time zone,
    quantity_produced integer NOT NULL,
    notes text NOT NULL,
    created_at timestamp with time zone NOT NULL,
    updated_at timestamp with time zone NOT NULL,
    assignee_id bigint,
    bom_id uuid NOT NULL,
    created_by_id bigint,
    product_id uuid NOT NULL,
    CONSTRAINT manufacturing_manufacturingorder_quantity_produced_check CHECK ((quantity_produced >= 0)),
    CONSTRAINT manufacturing_manufacturingorder_quantity_to_produce_check CHECK ((quantity_to_produce >= 0))
);


ALTER TABLE public.manufacturing_manufacturingorder OWNER TO postgres;

--
-- Name: manufacturing_workorder; Type: TABLE; Schema: public; Owner: postgres
--

CREATE TABLE public.manufacturing_workorder (
    wo_id uuid NOT NULL,
    wo_number character varying(50) NOT NULL,
    name character varying(100) NOT NULL,
    sequence integer NOT NULL,
    estimated_duration_minutes integer NOT NULL,
    actual_duration_minutes integer NOT NULL,
    status character varying(20) NOT NULL,
    scheduled_start_date timestamp with time zone,
    actual_start_date timestamp with time zone,
    completion_date timestamp with time zone,
    notes text NOT NULL,
    quality_notes text NOT NULL,
    created_at timestamp with time zone NOT NULL,
    updated_at timestamp with time zone NOT NULL,
    bom_operation_id bigint NOT NULL,
    mo_id uuid NOT NULL,
    operator_id bigint,
    work_center_id uuid NOT NULL,
    CONSTRAINT manufacturing_workorder_actual_duration_minutes_check CHECK ((actual_duration_minutes >= 0)),
    CONSTRAINT manufacturing_workorder_estimated_duration_minutes_check CHECK ((estimated_duration_minutes >= 0)),
    CONSTRAINT manufacturing_workorder_sequence_check CHECK ((sequence >= 0))
);


ALTER TABLE public.manufacturing_workorder OWNER TO postgres;

--
-- Name: products_product; Type: TABLE; Schema: public; Owner: postgres
--

CREATE TABLE public.products_product (
    product_id uuid NOT NULL,
    name character varying(150) NOT NULL,
    sku character varying(50) NOT NULL,
    product_type character varying(20) NOT NULL,
    current_stock numeric(10,2) NOT NULL,
    minimum_stock numeric(10,2) NOT NULL,
    unit_of_measure character varying(20) NOT NULL,
    unit_cost numeric(10,2) NOT NULL,
    description text NOT NULL,
    is_active boolean NOT NULL,
    created_at timestamp with time zone NOT NULL,
    updated_at timestamp with time zone NOT NULL,
    created_by_id bigint
);


ALTER TABLE public.products_product OWNER TO postgres;

--
-- Name: user_auth_customuser; Type: TABLE; Schema: public; Owner: postgres
--

CREATE TABLE public.user_auth_customuser (
    id bigint NOT NULL,
    password character varying(128) NOT NULL,
    last_login timestamp with time zone,
    is_superuser boolean NOT NULL,
    username character varying(150) NOT NULL,
    first_name character varying(150) NOT NULL,
    last_name character varying(150) NOT NULL,
    is_staff boolean NOT NULL,
    is_active boolean NOT NULL,
    date_joined timestamp with time zone NOT NULL,
    email character varying(254) NOT NULL,
    is_verified boolean NOT NULL,
    otp character varying(6),
    otp_created_at timestamp with time zone,
    otp_verified boolean NOT NULL,
    role character varying(20) NOT NULL
);


ALTER TABLE public.user_auth_customuser OWNER TO postgres;

--
-- Name: user_auth_customuser_groups; Type: TABLE; Schema: public; Owner: postgres
--

CREATE TABLE public.user_auth_customuser_groups (
    id bigint NOT NULL,
    customuser_id bigint NOT NULL,
    group_id integer NOT NULL
);


ALTER TABLE public.user_auth_customuser_groups OWNER TO postgres;

--
-- Name: user_auth_customuser_groups_id_seq; Type: SEQUENCE; Schema: public; Owner: postgres
--

ALTER TABLE public.user_auth_customuser_groups ALTER COLUMN id ADD GENERATED BY DEFAULT AS IDENTITY (
    SEQUENCE NAME public.user_auth_customuser_groups_id_seq
    START WITH 1
    INCREMENT BY 1
    NO MINVALUE
    NO MAXVALUE
    CACHE 1
);


--
-- Name: user_auth_customuser_id_seq; Type: SEQUENCE; Schema: public; Owner: postgres
--

ALTER TABLE public.user_auth_customuser ALTER COLUMN id ADD GENERATED BY DEFAULT AS IDENTITY (
    SEQUENCE NAME public.user_auth_customuser_id_seq
    START WITH 1
    INCREMENT BY 1
    NO MINVALUE
    NO MAXVALUE
    CACHE 1
);


--
-- Name: user_auth_customuser_user_permissions; Type: TABLE; Schema: public; Owner: postgres
--

CREATE TABLE public.user_auth_customuser_user_permissions (
    id bigint NOT NULL,
    customuser_id bigint NOT NULL,
    permission_id integer NOT NULL
);


ALTER TABLE public.user_auth_customuser_user_permissions OWNER TO postgres;

--
-- Name: user_auth_customuser_user_permissions_id_seq; Type: SEQUENCE; Schema: public; Owner: postgres
--

ALTER TABLE public.user_auth_customuser_user_permissions ALTER COLUMN id ADD GENERATED BY DEFAULT AS IDENTITY (
    SEQUENCE NAME public.user_auth_customuser_user_permissions_id_seq
    START WITH 1
    INCREMENT BY 1
    NO MINVALUE
    NO MAXVALUE
    CACHE 1
);


--
-- Name: workcenters_workcenter; Type: TABLE; Schema: public; Owner: postgres
--

CREATE TABLE public.workcenters_workcenter (
    work_center_id uuid NOT NULL,
    name character varying(100) NOT NULL,
    code character varying(20) NOT NULL,
    cost_per_hour numeric(10,2) NOT NULL,
    capacity_hours_per_day numeric(8,2) NOT NULL,
    description text NOT NULL,
    location character varying(100) NOT NULL,
    is_active boolean NOT NULL,
    created_at timestamp with time zone NOT NULL,
    updated_at timestamp with time zone NOT NULL,
    created_by_id bigint
);


ALTER TABLE public.workcenters_workcenter OWNER TO postgres;

--
-- Data for Name: auth_group; Type: TABLE DATA; Schema: public; Owner: postgres
--

COPY public.auth_group (id, name) FROM stdin;
\.


--
-- Data for Name: auth_group_permissions; Type: TABLE DATA; Schema: public; Owner: postgres
--

COPY public.auth_group_permissions (id, group_id, permission_id) FROM stdin;
\.


--
-- Data for Name: auth_permission; Type: TABLE DATA; Schema: public; Owner: postgres
--

COPY public.auth_permission (id, name, content_type_id, codename) FROM stdin;
1	Can add log entry	1	add_logentry
2	Can change log entry	1	change_logentry
3	Can delete log entry	1	delete_logentry
4	Can view log entry	1	view_logentry
5	Can add permission	2	add_permission
6	Can change permission	2	change_permission
7	Can delete permission	2	delete_permission
8	Can view permission	2	view_permission
9	Can add group	3	add_group
10	Can change group	3	change_group
11	Can delete group	3	delete_group
12	Can view group	3	view_group
13	Can add content type	4	add_contenttype
14	Can change content type	4	change_contenttype
15	Can delete content type	4	delete_contenttype
16	Can view content type	4	view_contenttype
17	Can add session	5	add_session
18	Can change session	5	change_session
19	Can delete session	5	delete_session
20	Can view session	5	view_session
21	Can add user	6	add_customuser
22	Can change user	6	change_customuser
23	Can delete user	6	delete_customuser
24	Can view user	6	view_customuser
25	Can add product	7	add_product
26	Can change product	7	change_product
27	Can delete product	7	delete_product
28	Can view product	7	view_product
29	Can add work center	8	add_workcenter
30	Can change work center	8	change_workcenter
31	Can delete work center	8	delete_workcenter
32	Can view work center	8	view_workcenter
33	Can add bom	9	add_bom
34	Can change bom	9	change_bom
35	Can delete bom	9	delete_bom
36	Can view bom	9	view_bom
37	Can add bom operation	10	add_bomoperation
38	Can change bom operation	10	change_bomoperation
39	Can delete bom operation	10	delete_bomoperation
40	Can view bom operation	10	view_bomoperation
41	Can add bom component	11	add_bomcomponent
42	Can change bom component	11	change_bomcomponent
43	Can delete bom component	11	delete_bomcomponent
44	Can view bom component	11	view_bomcomponent
45	Can add manufacturing order	12	add_manufacturingorder
46	Can change manufacturing order	12	change_manufacturingorder
47	Can delete manufacturing order	12	delete_manufacturingorder
48	Can view manufacturing order	12	view_manufacturingorder
49	Can add work order	13	add_workorder
50	Can change work order	13	change_workorder
51	Can delete work order	13	delete_workorder
52	Can view work order	13	view_workorder
53	Can add stock ledger	14	add_stockledger
54	Can change stock ledger	14	change_stockledger
55	Can delete stock ledger	14	delete_stockledger
56	Can view stock ledger	14	view_stockledger
57	Can add stock adjustment	15	add_stockadjustment
58	Can change stock adjustment	15	change_stockadjustment
59	Can delete stock adjustment	15	delete_stockadjustment
60	Can view stock adjustment	15	view_stockadjustment
\.


--
-- Data for Name: bom_bom; Type: TABLE DATA; Schema: public; Owner: postgres
--

COPY public.bom_bom (bom_id, name, version, is_active, description, created_at, updated_at, created_by_id, product_id) FROM stdin;
611cb55b-9a2c-4bb0-b1be-62a8c423d1f7	Wooden Table Recipe V1.0	1.0	t	Standard wooden dining table manufacturing recipe	2025-09-20 18:25:40.79102+05:30	2025-09-21 01:40:21.191507+05:30	1	e5cc8ebc-a0e2-4dba-8a16-7a127ba0f1ae
\.


--
-- Data for Name: bom_bomcomponent; Type: TABLE DATA; Schema: public; Owner: postgres
--

COPY public.bom_bomcomponent (id, quantity, notes, bom_id, component_id) FROM stdin;
1	3.00	for connexting the joins	611cb55b-9a2c-4bb0-b1be-62a8c423d1f7	58b7cf11-2442-4061-9c94-d2fddfcf25b4
2	4.00	Legs off the table	611cb55b-9a2c-4bb0-b1be-62a8c423d1f7	962f688c-fabd-45bd-8d68-c93ade627d39
3	1.00		611cb55b-9a2c-4bb0-b1be-62a8c423d1f7	dc8960a7-18e4-468a-aae5-d6baea29e2a0
\.


--
-- Data for Name: bom_bomoperation; Type: TABLE DATA; Schema: public; Owner: postgres
--

COPY public.bom_bomoperation (id, name, sequence, duration_minutes, description, setup_time_minutes, bom_id, work_center_id) FROM stdin;
1	Paint Job	1	60		15	611cb55b-9a2c-4bb0-b1be-62a8c423d1f7	54536519-0f17-484c-a7cc-23d9582a2e25
2	Sanding	2	150		0	611cb55b-9a2c-4bb0-b1be-62a8c423d1f7	0bba9688-bc0c-4a6a-9dd6-f12d3a979301
\.


--
-- Data for Name: django_admin_log; Type: TABLE DATA; Schema: public; Owner: postgres
--

COPY public.django_admin_log (id, action_time, object_id, object_repr, action_flag, change_message, content_type_id, user_id) FROM stdin;
1	2025-09-20 23:52:15.103799+05:30	8666664a-0cdf-455a-a77e-3933deca4ec9	MO-MO2025090001: 7x Chair Cushion	1	[{"added": {}}]	12	4
2	2025-09-21 01:40:21.192506+05:30	611cb55b-9a2c-4bb0-b1be-62a8c423d1f7	BOM: Glass Coffee Table - Wooden Table Recipe V1.0	2	[{"changed": {"fields": ["Product"]}}]	9	4
3	2025-09-21 01:41:42.162186+05:30	1	3 × Steel Screw Pack	1	[{"added": {}}]	11	4
4	2025-09-21 01:42:09.444935+05:30	2	4 × Table Top - Oak	1	[{"added": {}}]	11	4
5	2025-09-21 01:43:32.398806+05:30	2	4.00 × Wooden Leg	2	[{"changed": {"fields": ["Component"]}}]	11	4
6	2025-09-21 01:43:53.815597+05:30	3	1 × Table Top - Oak	1	[{"added": {}}]	11	4
7	2025-09-21 03:00:06.788989+05:30	8ca58ee7-d713-4736-b924-89bd36714a26	MO-MO2025090004: 44x Glass Coffee Table	3		12	4
8	2025-09-21 03:00:06.790991+05:30	063796e6-f3e3-4c94-9c9e-41ea43dbfd24	MO-MO2025090003: 77x Glass Coffee Table	3		12	4
9	2025-09-21 03:00:06.79199+05:30	e19ca3fc-32e6-4979-a9c3-97914ba06051	MO-MO2025090002: 5x Glass Coffee Table	3		12	4
10	2025-09-21 03:07:05.263983+05:30	1	1. Paint Job @ Paint Job	1	[{"added": {}}]	10	4
11	2025-09-21 03:08:04.99148+05:30	0bba9688-bc0c-4a6a-9dd6-f12d3a979301	Wood Sanding (WS001)	1	[{"added": {}}]	8	4
12	2025-09-21 03:08:35.450058+05:30	2	2. Sanding @ Wood Sanding	1	[{"added": {}}]	10	4
\.


--
-- Data for Name: django_content_type; Type: TABLE DATA; Schema: public; Owner: postgres
--

COPY public.django_content_type (id, app_label, model) FROM stdin;
1	admin	logentry
2	auth	permission
3	auth	group
4	contenttypes	contenttype
5	sessions	session
6	user_auth	customuser
7	products	product
8	workcenters	workcenter
9	bom	bom
10	bom	bomoperation
11	bom	bomcomponent
12	manufacturing	manufacturingorder
13	manufacturing	workorder
14	inventory	stockledger
15	inventory	stockadjustment
\.


--
-- Data for Name: django_migrations; Type: TABLE DATA; Schema: public; Owner: postgres
--

COPY public.django_migrations (id, app, name, applied) FROM stdin;
1	contenttypes	0001_initial	2025-09-20 17:55:57.887381+05:30
2	contenttypes	0002_remove_content_type_name	2025-09-20 17:55:57.895993+05:30
3	auth	0001_initial	2025-09-20 17:55:57.928996+05:30
4	auth	0002_alter_permission_name_max_length	2025-09-20 17:55:57.932496+05:30
5	auth	0003_alter_user_email_max_length	2025-09-20 17:55:57.937496+05:30
6	auth	0004_alter_user_username_opts	2025-09-20 17:55:57.942504+05:30
7	auth	0005_alter_user_last_login_null	2025-09-20 17:55:57.946504+05:30
8	auth	0006_require_contenttypes_0002	2025-09-20 17:55:57.948307+05:30
9	auth	0007_alter_validators_add_error_messages	2025-09-20 17:55:57.953313+05:30
10	auth	0008_alter_user_username_max_length	2025-09-20 17:55:57.958315+05:30
11	auth	0009_alter_user_last_name_max_length	2025-09-20 17:55:57.962834+05:30
12	auth	0010_alter_group_name_max_length	2025-09-20 17:55:57.968633+05:30
13	auth	0011_update_proxy_permissions	2025-09-20 17:55:57.972634+05:30
14	auth	0012_alter_user_first_name_max_length	2025-09-20 17:55:57.976814+05:30
15	user_auth	0001_initial	2025-09-20 17:55:58.009651+05:30
16	admin	0001_initial	2025-09-20 17:55:58.025825+05:30
17	admin	0002_logentry_remove_auto_add	2025-09-20 17:55:58.031826+05:30
18	admin	0003_logentry_add_action_flag_choices	2025-09-20 17:55:58.037832+05:30
19	workcenters	0001_initial	2025-09-20 17:55:58.055403+05:30
20	products	0001_initial	2025-09-20 17:55:58.074434+05:30
21	bom	0001_initial	2025-09-20 17:55:58.143496+05:30
22	manufacturing	0001_initial	2025-09-20 17:55:58.223512+05:30
23	inventory	0001_initial	2025-09-20 17:55:58.276087+05:30
24	sessions	0001_initial	2025-09-20 17:55:58.317038+05:30
25	user_auth	0002_customuser_role	2025-09-20 17:55:58.331547+05:30
\.


--
-- Data for Name: django_session; Type: TABLE DATA; Schema: public; Owner: postgres
--

COPY public.django_session (session_key, session_data, expire_date) FROM stdin;
hasf6n54r94av2ovcjxjd696raosaai2	.eJxVjMsOwiAUBf-FtSG0pXDr0r3fQO4DpGogKe3K-O_apAvdnpk5LxVwW3PYWlzCLOqsrDr9boT8iGUHcsdyq5prWZeZ9K7ogzZ9rRKfl8P9O8jY8rcenAHsLdtkCchRjOB5JBHjnPHADGM3MEiHBiYfvfFIZhK0KNBLSur9AepWOGo:1v02D7:gLZIhuxEMi6PrKkwrruIjorZnYVdQtKViEVTm8z90M4	2025-10-04 23:51:25.656466+05:30
\.


--
-- Data for Name: inventory_stockadjustment; Type: TABLE DATA; Schema: public; Owner: postgres
--

COPY public.inventory_stockadjustment (adjustment_id, adjustment_number, expected_quantity, actual_quantity, adjustment_quantity, adjustment_type, reason, is_approved, approved_at, created_at, approved_by_id, created_by_id, product_id) FROM stdin;
\.


--
-- Data for Name: inventory_stockledger; Type: TABLE DATA; Schema: public; Owner: postgres
--

COPY public.inventory_stockledger (ledger_id, quantity_change, stock_before, stock_after, movement_type, reference_number, notes, transaction_time, created_by_id, product_id, related_mo_id) FROM stdin;
\.


--
-- Data for Name: manufacturing_manufacturingorder; Type: TABLE DATA; Schema: public; Owner: postgres
--

COPY public.manufacturing_manufacturingorder (mo_id, mo_number, quantity_to_produce, status, priority, scheduled_start_date, scheduled_end_date, actual_start_date, completion_date, quantity_produced, notes, created_at, updated_at, assignee_id, bom_id, created_by_id, product_id) FROM stdin;
8666664a-0cdf-455a-a77e-3933deca4ec9	MO2025090001	7	DRAFT	MEDIUM	2025-09-20	2025-09-25	2025-09-20 23:51:51+05:30	2025-09-30 23:52:08+05:30	0		2025-09-20 23:52:15.101792+05:30	2025-09-20 23:52:15.101792+05:30	3	611cb55b-9a2c-4bb0-b1be-62a8c423d1f7	\N	a7a5d927-3d07-4211-ab66-f9a053f17bc9
b0595a6f-95a2-4bbd-a64f-8b802b28975f	MO2025090005	1	DRAFT	MEDIUM	2025-10-06	\N	\N	\N	0	Created via form. Components: 3 items	2025-09-21 02:59:47.293891+05:30	2025-09-21 02:59:47.293891+05:30	1	611cb55b-9a2c-4bb0-b1be-62a8c423d1f7	3	e5cc8ebc-a0e2-4dba-8a16-7a127ba0f1ae
24c31f60-344d-408d-a966-a000932da19a	MO2025090006	12	DRAFT	MEDIUM	2025-09-23	\N	\N	\N	0	Created via form. Components: 3 items	2025-09-21 03:11:33.949187+05:30	2025-09-21 03:11:33.949187+05:30	2	611cb55b-9a2c-4bb0-b1be-62a8c423d1f7	3	e5cc8ebc-a0e2-4dba-8a16-7a127ba0f1ae
\.


--
-- Data for Name: manufacturing_workorder; Type: TABLE DATA; Schema: public; Owner: postgres
--

COPY public.manufacturing_workorder (wo_id, wo_number, name, sequence, estimated_duration_minutes, actual_duration_minutes, status, scheduled_start_date, actual_start_date, completion_date, notes, quality_notes, created_at, updated_at, bom_operation_id, mo_id, operator_id, work_center_id) FROM stdin;
\.


--
-- Data for Name: products_product; Type: TABLE DATA; Schema: public; Owner: postgres
--

COPY public.products_product (product_id, name, sku, product_type, current_stock, minimum_stock, unit_of_measure, unit_cost, description, is_active, created_at, updated_at, created_by_id) FROM stdin;
962f688c-fabd-45bd-8d68-c93ade627d39	Wooden Leg	WL-001	RAW_MATERIAL	100.00	20.00	units	5.50	High quality wooden leg for tables	t	2025-09-20 18:20:06.828288+05:30	2025-09-20 18:20:06.828288+05:30	1
58b7cf11-2442-4061-9c94-d2fddfcf25b4	Steel Screw Pack	SS-101	RAW_MATERIAL	500.00	100.00	pieces	0.10	Pack of durable steel screws for furniture assembly	t	2025-09-20 21:00:23.789091+05:30	2025-09-20 21:00:23.789091+05:30	1
dc8960a7-18e4-468a-aae5-d6baea29e2a0	Table Top - Oak	TT-202	RAW_MATERIAL	50.00	10.00	units	25.00	Premium oak wooden tabletop	t	2025-09-20 21:00:31.23117+05:30	2025-09-20 21:00:31.23117+05:30	1
a7a5d927-3d07-4211-ab66-f9a053f17bc9	Chair Cushion	CC-401	RAW_MATERIAL	200.00	50.00	pieces	8.00	Soft cushion for dining chairs	t	2025-09-20 21:00:51.920264+05:30	2025-09-20 21:00:51.920264+05:30	1
e5cc8ebc-a0e2-4dba-8a16-7a127ba0f1ae	Glass Coffee Table	GC-501	FINISHED_GOOD	25.00	5.00	units	120.00	Stylish glass coffee table with steel legs	t	2025-09-20 21:01:00.292078+05:30	2025-09-20 21:01:00.292078+05:30	1
\.


--
-- Data for Name: user_auth_customuser; Type: TABLE DATA; Schema: public; Owner: postgres
--

COPY public.user_auth_customuser (id, password, last_login, is_superuser, username, first_name, last_name, is_staff, is_active, date_joined, email, is_verified, otp, otp_created_at, otp_verified, role) FROM stdin;
1	pbkdf2_sha256$600000$9GvhogaDSDORrEuezz7t7n$/kYAKOTyMfjAOz2dYMkxQHwXXPOgn3lZDnQS31eBvCw=	\N	f	Pranit_manager			f	t	2025-09-20 18:01:13.97958+05:30	pranitbhopi2005@gmail.com	t	\N	\N	t	OPERATOR
2	pbkdf2_sha256$600000$vKKqdaPtXoKtjeQwlqhdla$wi5U+WIe303eFkSmcC8TmpJr/m35MwiNzYMuJXiQTdQ=	\N	f	harsh			f	t	2025-09-20 23:03:43.466388+05:30	harsh@gmail.com	f	\N	\N	f	OPERATOR
3	pbkdf2_sha256$600000$HjK3QSghPGe2Bgw5yCTqax$mJSanRqBVsZzE/HTjlRzikp1PbIjYbDMnZTi9LqC/ds=	\N	f	janak			f	t	2025-09-20 23:10:01.541943+05:30	janak@gmail.com	t	\N	\N	t	OPERATOR
4	pbkdf2_sha256$600000$IWt71zwLtA5M97gCmZksCH$5iq4GX15lhY93uxY8GwsLRxHMjaHku28si82LcCFV10=	2025-09-20 23:51:25.655468+05:30	t	admin			t	t	2025-09-20 23:44:51.49201+05:30	admin@gmail.comm	f	\N	\N	f	OPERATOR
5	pbkdf2_sha256$600000$jEfcJuz6f3IqthV80pJWBm$uXlTXF/tRP6Td8m3HDcyxhKwIMeo2dvsXwnN8PfC0aY=	\N	f	ritesh			f	t	2025-09-21 02:20:39.444068+05:30	ritesh@gmail.com	t	\N	\N	t	OPERATOR
\.


--
-- Data for Name: user_auth_customuser_groups; Type: TABLE DATA; Schema: public; Owner: postgres
--

COPY public.user_auth_customuser_groups (id, customuser_id, group_id) FROM stdin;
\.


--
-- Data for Name: user_auth_customuser_user_permissions; Type: TABLE DATA; Schema: public; Owner: postgres
--

COPY public.user_auth_customuser_user_permissions (id, customuser_id, permission_id) FROM stdin;
\.


--
-- Data for Name: workcenters_workcenter; Type: TABLE DATA; Schema: public; Owner: postgres
--

COPY public.workcenters_workcenter (work_center_id, name, code, cost_per_hour, capacity_hours_per_day, description, location, is_active, created_at, updated_at, created_by_id) FROM stdin;
54536519-0f17-484c-a7cc-23d9582a2e25	Paint Job	PJ110	80.00	12.00	This is the place where all paint on metals are done	Factocy 7	t	2025-09-20 23:29:58.239009+05:30	2025-09-20 23:29:58.239009+05:30	3
207d45cd-b56e-45ca-96fd-692332180399	Assembly Line 1	ASM1	45.50	9.00			t	2025-09-20 18:21:58.461602+05:30	2025-09-20 23:30:18.126594+05:30	1
0bba9688-bc0c-4a6a-9dd6-f12d3a979301	Wood Sanding	WS001	70.00	8.00		Sanding Warehouse	t	2025-09-21 03:08:04.990482+05:30	2025-09-21 03:08:04.990482+05:30	\N
\.


--
-- Name: auth_group_id_seq; Type: SEQUENCE SET; Schema: public; Owner: postgres
--

SELECT pg_catalog.setval('public.auth_group_id_seq', 1, false);


--
-- Name: auth_group_permissions_id_seq; Type: SEQUENCE SET; Schema: public; Owner: postgres
--

SELECT pg_catalog.setval('public.auth_group_permissions_id_seq', 1, false);


--
-- Name: auth_permission_id_seq; Type: SEQUENCE SET; Schema: public; Owner: postgres
--

SELECT pg_catalog.setval('public.auth_permission_id_seq', 60, true);


--
-- Name: bom_bomcomponent_id_seq; Type: SEQUENCE SET; Schema: public; Owner: postgres
--

SELECT pg_catalog.setval('public.bom_bomcomponent_id_seq', 3, true);


--
-- Name: bom_bomoperation_id_seq; Type: SEQUENCE SET; Schema: public; Owner: postgres
--

SELECT pg_catalog.setval('public.bom_bomoperation_id_seq', 2, true);


--
-- Name: django_admin_log_id_seq; Type: SEQUENCE SET; Schema: public; Owner: postgres
--

SELECT pg_catalog.setval('public.django_admin_log_id_seq', 12, true);


--
-- Name: django_content_type_id_seq; Type: SEQUENCE SET; Schema: public; Owner: postgres
--

SELECT pg_catalog.setval('public.django_content_type_id_seq', 15, true);


--
-- Name: django_migrations_id_seq; Type: SEQUENCE SET; Schema: public; Owner: postgres
--

SELECT pg_catalog.setval('public.django_migrations_id_seq', 25, true);


--
-- Name: user_auth_customuser_groups_id_seq; Type: SEQUENCE SET; Schema: public; Owner: postgres
--

SELECT pg_catalog.setval('public.user_auth_customuser_groups_id_seq', 1, false);


--
-- Name: user_auth_customuser_id_seq; Type: SEQUENCE SET; Schema: public; Owner: postgres
--

SELECT pg_catalog.setval('public.user_auth_customuser_id_seq', 5, true);


--
-- Name: user_auth_customuser_user_permissions_id_seq; Type: SEQUENCE SET; Schema: public; Owner: postgres
--

SELECT pg_catalog.setval('public.user_auth_customuser_user_permissions_id_seq', 1, false);


--
-- Name: auth_group auth_group_name_key; Type: CONSTRAINT; Schema: public; Owner: postgres
--

ALTER TABLE ONLY public.auth_group
    ADD CONSTRAINT auth_group_name_key UNIQUE (name);


--
-- Name: auth_group_permissions auth_group_permissions_group_id_permission_id_0cd325b0_uniq; Type: CONSTRAINT; Schema: public; Owner: postgres
--

ALTER TABLE ONLY public.auth_group_permissions
    ADD CONSTRAINT auth_group_permissions_group_id_permission_id_0cd325b0_uniq UNIQUE (group_id, permission_id);


--
-- Name: auth_group_permissions auth_group_permissions_pkey; Type: CONSTRAINT; Schema: public; Owner: postgres
--

ALTER TABLE ONLY public.auth_group_permissions
    ADD CONSTRAINT auth_group_permissions_pkey PRIMARY KEY (id);


--
-- Name: auth_group auth_group_pkey; Type: CONSTRAINT; Schema: public; Owner: postgres
--

ALTER TABLE ONLY public.auth_group
    ADD CONSTRAINT auth_group_pkey PRIMARY KEY (id);


--
-- Name: auth_permission auth_permission_content_type_id_codename_01ab375a_uniq; Type: CONSTRAINT; Schema: public; Owner: postgres
--

ALTER TABLE ONLY public.auth_permission
    ADD CONSTRAINT auth_permission_content_type_id_codename_01ab375a_uniq UNIQUE (content_type_id, codename);


--
-- Name: auth_permission auth_permission_pkey; Type: CONSTRAINT; Schema: public; Owner: postgres
--

ALTER TABLE ONLY public.auth_permission
    ADD CONSTRAINT auth_permission_pkey PRIMARY KEY (id);


--
-- Name: bom_bom bom_bom_pkey; Type: CONSTRAINT; Schema: public; Owner: postgres
--

ALTER TABLE ONLY public.bom_bom
    ADD CONSTRAINT bom_bom_pkey PRIMARY KEY (bom_id);


--
-- Name: bom_bomcomponent bom_bomcomponent_bom_id_component_id_19278799_uniq; Type: CONSTRAINT; Schema: public; Owner: postgres
--

ALTER TABLE ONLY public.bom_bomcomponent
    ADD CONSTRAINT bom_bomcomponent_bom_id_component_id_19278799_uniq UNIQUE (bom_id, component_id);


--
-- Name: bom_bomcomponent bom_bomcomponent_pkey; Type: CONSTRAINT; Schema: public; Owner: postgres
--

ALTER TABLE ONLY public.bom_bomcomponent
    ADD CONSTRAINT bom_bomcomponent_pkey PRIMARY KEY (id);


--
-- Name: bom_bomoperation bom_bomoperation_bom_id_sequence_f1b54e67_uniq; Type: CONSTRAINT; Schema: public; Owner: postgres
--

ALTER TABLE ONLY public.bom_bomoperation
    ADD CONSTRAINT bom_bomoperation_bom_id_sequence_f1b54e67_uniq UNIQUE (bom_id, sequence);


--
-- Name: bom_bomoperation bom_bomoperation_pkey; Type: CONSTRAINT; Schema: public; Owner: postgres
--

ALTER TABLE ONLY public.bom_bomoperation
    ADD CONSTRAINT bom_bomoperation_pkey PRIMARY KEY (id);


--
-- Name: django_admin_log django_admin_log_pkey; Type: CONSTRAINT; Schema: public; Owner: postgres
--

ALTER TABLE ONLY public.django_admin_log
    ADD CONSTRAINT django_admin_log_pkey PRIMARY KEY (id);


--
-- Name: django_content_type django_content_type_app_label_model_76bd3d3b_uniq; Type: CONSTRAINT; Schema: public; Owner: postgres
--

ALTER TABLE ONLY public.django_content_type
    ADD CONSTRAINT django_content_type_app_label_model_76bd3d3b_uniq UNIQUE (app_label, model);


--
-- Name: django_content_type django_content_type_pkey; Type: CONSTRAINT; Schema: public; Owner: postgres
--

ALTER TABLE ONLY public.django_content_type
    ADD CONSTRAINT django_content_type_pkey PRIMARY KEY (id);


--
-- Name: django_migrations django_migrations_pkey; Type: CONSTRAINT; Schema: public; Owner: postgres
--

ALTER TABLE ONLY public.django_migrations
    ADD CONSTRAINT django_migrations_pkey PRIMARY KEY (id);


--
-- Name: django_session django_session_pkey; Type: CONSTRAINT; Schema: public; Owner: postgres
--

ALTER TABLE ONLY public.django_session
    ADD CONSTRAINT django_session_pkey PRIMARY KEY (session_key);


--
-- Name: inventory_stockadjustment inventory_stockadjustment_adjustment_number_key; Type: CONSTRAINT; Schema: public; Owner: postgres
--

ALTER TABLE ONLY public.inventory_stockadjustment
    ADD CONSTRAINT inventory_stockadjustment_adjustment_number_key UNIQUE (adjustment_number);


--
-- Name: inventory_stockadjustment inventory_stockadjustment_pkey; Type: CONSTRAINT; Schema: public; Owner: postgres
--

ALTER TABLE ONLY public.inventory_stockadjustment
    ADD CONSTRAINT inventory_stockadjustment_pkey PRIMARY KEY (adjustment_id);


--
-- Name: inventory_stockledger inventory_stockledger_pkey; Type: CONSTRAINT; Schema: public; Owner: postgres
--

ALTER TABLE ONLY public.inventory_stockledger
    ADD CONSTRAINT inventory_stockledger_pkey PRIMARY KEY (ledger_id);


--
-- Name: manufacturing_manufacturingorder manufacturing_manufacturingorder_mo_number_key; Type: CONSTRAINT; Schema: public; Owner: postgres
--

ALTER TABLE ONLY public.manufacturing_manufacturingorder
    ADD CONSTRAINT manufacturing_manufacturingorder_mo_number_key UNIQUE (mo_number);


--
-- Name: manufacturing_manufacturingorder manufacturing_manufacturingorder_pkey; Type: CONSTRAINT; Schema: public; Owner: postgres
--

ALTER TABLE ONLY public.manufacturing_manufacturingorder
    ADD CONSTRAINT manufacturing_manufacturingorder_pkey PRIMARY KEY (mo_id);


--
-- Name: manufacturing_workorder manufacturing_workorder_pkey; Type: CONSTRAINT; Schema: public; Owner: postgres
--

ALTER TABLE ONLY public.manufacturing_workorder
    ADD CONSTRAINT manufacturing_workorder_pkey PRIMARY KEY (wo_id);


--
-- Name: manufacturing_workorder manufacturing_workorder_wo_number_key; Type: CONSTRAINT; Schema: public; Owner: postgres
--

ALTER TABLE ONLY public.manufacturing_workorder
    ADD CONSTRAINT manufacturing_workorder_wo_number_key UNIQUE (wo_number);


--
-- Name: products_product products_product_pkey; Type: CONSTRAINT; Schema: public; Owner: postgres
--

ALTER TABLE ONLY public.products_product
    ADD CONSTRAINT products_product_pkey PRIMARY KEY (product_id);


--
-- Name: products_product products_product_sku_key; Type: CONSTRAINT; Schema: public; Owner: postgres
--

ALTER TABLE ONLY public.products_product
    ADD CONSTRAINT products_product_sku_key UNIQUE (sku);


--
-- Name: user_auth_customuser user_auth_customuser_email_key; Type: CONSTRAINT; Schema: public; Owner: postgres
--

ALTER TABLE ONLY public.user_auth_customuser
    ADD CONSTRAINT user_auth_customuser_email_key UNIQUE (email);


--
-- Name: user_auth_customuser_groups user_auth_customuser_gro_customuser_id_group_id_9f1f94f0_uniq; Type: CONSTRAINT; Schema: public; Owner: postgres
--

ALTER TABLE ONLY public.user_auth_customuser_groups
    ADD CONSTRAINT user_auth_customuser_gro_customuser_id_group_id_9f1f94f0_uniq UNIQUE (customuser_id, group_id);


--
-- Name: user_auth_customuser_groups user_auth_customuser_groups_pkey; Type: CONSTRAINT; Schema: public; Owner: postgres
--

ALTER TABLE ONLY public.user_auth_customuser_groups
    ADD CONSTRAINT user_auth_customuser_groups_pkey PRIMARY KEY (id);


--
-- Name: user_auth_customuser user_auth_customuser_pkey; Type: CONSTRAINT; Schema: public; Owner: postgres
--

ALTER TABLE ONLY public.user_auth_customuser
    ADD CONSTRAINT user_auth_customuser_pkey PRIMARY KEY (id);


--
-- Name: user_auth_customuser_user_permissions user_auth_customuser_use_customuser_id_permission_fde5eaa3_uniq; Type: CONSTRAINT; Schema: public; Owner: postgres
--

ALTER TABLE ONLY public.user_auth_customuser_user_permissions
    ADD CONSTRAINT user_auth_customuser_use_customuser_id_permission_fde5eaa3_uniq UNIQUE (customuser_id, permission_id);


--
-- Name: user_auth_customuser_user_permissions user_auth_customuser_user_permissions_pkey; Type: CONSTRAINT; Schema: public; Owner: postgres
--

ALTER TABLE ONLY public.user_auth_customuser_user_permissions
    ADD CONSTRAINT user_auth_customuser_user_permissions_pkey PRIMARY KEY (id);


--
-- Name: user_auth_customuser user_auth_customuser_username_key; Type: CONSTRAINT; Schema: public; Owner: postgres
--

ALTER TABLE ONLY public.user_auth_customuser
    ADD CONSTRAINT user_auth_customuser_username_key UNIQUE (username);


--
-- Name: workcenters_workcenter workcenters_workcenter_code_key; Type: CONSTRAINT; Schema: public; Owner: postgres
--

ALTER TABLE ONLY public.workcenters_workcenter
    ADD CONSTRAINT workcenters_workcenter_code_key UNIQUE (code);


--
-- Name: workcenters_workcenter workcenters_workcenter_pkey; Type: CONSTRAINT; Schema: public; Owner: postgres
--

ALTER TABLE ONLY public.workcenters_workcenter
    ADD CONSTRAINT workcenters_workcenter_pkey PRIMARY KEY (work_center_id);


--
-- Name: auth_group_name_a6ea08ec_like; Type: INDEX; Schema: public; Owner: postgres
--

CREATE INDEX auth_group_name_a6ea08ec_like ON public.auth_group USING btree (name varchar_pattern_ops);


--
-- Name: auth_group_permissions_group_id_b120cbf9; Type: INDEX; Schema: public; Owner: postgres
--

CREATE INDEX auth_group_permissions_group_id_b120cbf9 ON public.auth_group_permissions USING btree (group_id);


--
-- Name: auth_group_permissions_permission_id_84c5c92e; Type: INDEX; Schema: public; Owner: postgres
--

CREATE INDEX auth_group_permissions_permission_id_84c5c92e ON public.auth_group_permissions USING btree (permission_id);


--
-- Name: auth_permission_content_type_id_2f476e4b; Type: INDEX; Schema: public; Owner: postgres
--

CREATE INDEX auth_permission_content_type_id_2f476e4b ON public.auth_permission USING btree (content_type_id);


--
-- Name: bom_bom_created_by_id_8fb9a941; Type: INDEX; Schema: public; Owner: postgres
--

CREATE INDEX bom_bom_created_by_id_8fb9a941 ON public.bom_bom USING btree (created_by_id);


--
-- Name: bom_bom_product_842e96_idx; Type: INDEX; Schema: public; Owner: postgres
--

CREATE INDEX bom_bom_product_842e96_idx ON public.bom_bom USING btree (product_id, is_active);


--
-- Name: bom_bom_product_id_2bf393f9; Type: INDEX; Schema: public; Owner: postgres
--

CREATE INDEX bom_bom_product_id_2bf393f9 ON public.bom_bom USING btree (product_id);


--
-- Name: bom_bomcomponent_bom_id_49ee6c9f; Type: INDEX; Schema: public; Owner: postgres
--

CREATE INDEX bom_bomcomponent_bom_id_49ee6c9f ON public.bom_bomcomponent USING btree (bom_id);


--
-- Name: bom_bomcomponent_component_id_27aed530; Type: INDEX; Schema: public; Owner: postgres
--

CREATE INDEX bom_bomcomponent_component_id_27aed530 ON public.bom_bomcomponent USING btree (component_id);


--
-- Name: bom_bomoperation_bom_id_bbc1801f; Type: INDEX; Schema: public; Owner: postgres
--

CREATE INDEX bom_bomoperation_bom_id_bbc1801f ON public.bom_bomoperation USING btree (bom_id);


--
-- Name: bom_bomoperation_work_center_id_5638e6b4; Type: INDEX; Schema: public; Owner: postgres
--

CREATE INDEX bom_bomoperation_work_center_id_5638e6b4 ON public.bom_bomoperation USING btree (work_center_id);


--
-- Name: django_admin_log_content_type_id_c4bce8eb; Type: INDEX; Schema: public; Owner: postgres
--

CREATE INDEX django_admin_log_content_type_id_c4bce8eb ON public.django_admin_log USING btree (content_type_id);


--
-- Name: django_admin_log_user_id_c564eba6; Type: INDEX; Schema: public; Owner: postgres
--

CREATE INDEX django_admin_log_user_id_c564eba6 ON public.django_admin_log USING btree (user_id);


--
-- Name: django_session_expire_date_a5c62663; Type: INDEX; Schema: public; Owner: postgres
--

CREATE INDEX django_session_expire_date_a5c62663 ON public.django_session USING btree (expire_date);


--
-- Name: django_session_session_key_c0390e0f_like; Type: INDEX; Schema: public; Owner: postgres
--

CREATE INDEX django_session_session_key_c0390e0f_like ON public.django_session USING btree (session_key varchar_pattern_ops);


--
-- Name: inventory_s_is_appr_7a84ab_idx; Type: INDEX; Schema: public; Owner: postgres
--

CREATE INDEX inventory_s_is_appr_7a84ab_idx ON public.inventory_stockadjustment USING btree (is_approved);


--
-- Name: inventory_s_movemen_553342_idx; Type: INDEX; Schema: public; Owner: postgres
--

CREATE INDEX inventory_s_movemen_553342_idx ON public.inventory_stockledger USING btree (movement_type);


--
-- Name: inventory_s_product_bb1a16_idx; Type: INDEX; Schema: public; Owner: postgres
--

CREATE INDEX inventory_s_product_bb1a16_idx ON public.inventory_stockadjustment USING btree (product_id);


--
-- Name: inventory_s_product_bcb5e0_idx; Type: INDEX; Schema: public; Owner: postgres
--

CREATE INDEX inventory_s_product_bcb5e0_idx ON public.inventory_stockledger USING btree (product_id);


--
-- Name: inventory_s_related_83f088_idx; Type: INDEX; Schema: public; Owner: postgres
--

CREATE INDEX inventory_s_related_83f088_idx ON public.inventory_stockledger USING btree (related_mo_id);


--
-- Name: inventory_s_transac_3af8b4_idx; Type: INDEX; Schema: public; Owner: postgres
--

CREATE INDEX inventory_s_transac_3af8b4_idx ON public.inventory_stockledger USING btree (transaction_time);


--
-- Name: inventory_stockadjustment_adjustment_number_df92e4d2_like; Type: INDEX; Schema: public; Owner: postgres
--

CREATE INDEX inventory_stockadjustment_adjustment_number_df92e4d2_like ON public.inventory_stockadjustment USING btree (adjustment_number varchar_pattern_ops);


--
-- Name: inventory_stockadjustment_approved_by_id_bc6c9592; Type: INDEX; Schema: public; Owner: postgres
--

CREATE INDEX inventory_stockadjustment_approved_by_id_bc6c9592 ON public.inventory_stockadjustment USING btree (approved_by_id);


--
-- Name: inventory_stockadjustment_created_by_id_d3ef1412; Type: INDEX; Schema: public; Owner: postgres
--

CREATE INDEX inventory_stockadjustment_created_by_id_d3ef1412 ON public.inventory_stockadjustment USING btree (created_by_id);


--
-- Name: inventory_stockadjustment_product_id_b7566f69; Type: INDEX; Schema: public; Owner: postgres
--

CREATE INDEX inventory_stockadjustment_product_id_b7566f69 ON public.inventory_stockadjustment USING btree (product_id);


--
-- Name: inventory_stockledger_created_by_id_8d0629c4; Type: INDEX; Schema: public; Owner: postgres
--

CREATE INDEX inventory_stockledger_created_by_id_8d0629c4 ON public.inventory_stockledger USING btree (created_by_id);


--
-- Name: inventory_stockledger_product_id_ebab03d0; Type: INDEX; Schema: public; Owner: postgres
--

CREATE INDEX inventory_stockledger_product_id_ebab03d0 ON public.inventory_stockledger USING btree (product_id);


--
-- Name: inventory_stockledger_related_mo_id_ea55d44f; Type: INDEX; Schema: public; Owner: postgres
--

CREATE INDEX inventory_stockledger_related_mo_id_ea55d44f ON public.inventory_stockledger USING btree (related_mo_id);


--
-- Name: manufacturi_assigne_6a6d8a_idx; Type: INDEX; Schema: public; Owner: postgres
--

CREATE INDEX manufacturi_assigne_6a6d8a_idx ON public.manufacturing_manufacturingorder USING btree (assignee_id);


--
-- Name: manufacturi_operato_1b0829_idx; Type: INDEX; Schema: public; Owner: postgres
--

CREATE INDEX manufacturi_operato_1b0829_idx ON public.manufacturing_workorder USING btree (operator_id);


--
-- Name: manufacturi_schedul_ceb528_idx; Type: INDEX; Schema: public; Owner: postgres
--

CREATE INDEX manufacturi_schedul_ceb528_idx ON public.manufacturing_manufacturingorder USING btree (scheduled_start_date);


--
-- Name: manufacturi_status_305de3_idx; Type: INDEX; Schema: public; Owner: postgres
--

CREATE INDEX manufacturi_status_305de3_idx ON public.manufacturing_workorder USING btree (status);


--
-- Name: manufacturi_status_d15bf6_idx; Type: INDEX; Schema: public; Owner: postgres
--

CREATE INDEX manufacturi_status_d15bf6_idx ON public.manufacturing_manufacturingorder USING btree (status);


--
-- Name: manufacturi_work_ce_d84d75_idx; Type: INDEX; Schema: public; Owner: postgres
--

CREATE INDEX manufacturi_work_ce_d84d75_idx ON public.manufacturing_workorder USING btree (work_center_id);


--
-- Name: manufacturing_manufacturingorder_assignee_id_25c9bff4; Type: INDEX; Schema: public; Owner: postgres
--

CREATE INDEX manufacturing_manufacturingorder_assignee_id_25c9bff4 ON public.manufacturing_manufacturingorder USING btree (assignee_id);


--
-- Name: manufacturing_manufacturingorder_bom_id_97043518; Type: INDEX; Schema: public; Owner: postgres
--

CREATE INDEX manufacturing_manufacturingorder_bom_id_97043518 ON public.manufacturing_manufacturingorder USING btree (bom_id);


--
-- Name: manufacturing_manufacturingorder_created_by_id_7261f878; Type: INDEX; Schema: public; Owner: postgres
--

CREATE INDEX manufacturing_manufacturingorder_created_by_id_7261f878 ON public.manufacturing_manufacturingorder USING btree (created_by_id);


--
-- Name: manufacturing_manufacturingorder_mo_number_aff6b70a_like; Type: INDEX; Schema: public; Owner: postgres
--

CREATE INDEX manufacturing_manufacturingorder_mo_number_aff6b70a_like ON public.manufacturing_manufacturingorder USING btree (mo_number varchar_pattern_ops);


--
-- Name: manufacturing_manufacturingorder_product_id_1c1c781b; Type: INDEX; Schema: public; Owner: postgres
--

CREATE INDEX manufacturing_manufacturingorder_product_id_1c1c781b ON public.manufacturing_manufacturingorder USING btree (product_id);


--
-- Name: manufacturing_workorder_bom_operation_id_035e6d8a; Type: INDEX; Schema: public; Owner: postgres
--

CREATE INDEX manufacturing_workorder_bom_operation_id_035e6d8a ON public.manufacturing_workorder USING btree (bom_operation_id);


--
-- Name: manufacturing_workorder_mo_id_b47be9e6; Type: INDEX; Schema: public; Owner: postgres
--

CREATE INDEX manufacturing_workorder_mo_id_b47be9e6 ON public.manufacturing_workorder USING btree (mo_id);


--
-- Name: manufacturing_workorder_operator_id_81788fc0; Type: INDEX; Schema: public; Owner: postgres
--

CREATE INDEX manufacturing_workorder_operator_id_81788fc0 ON public.manufacturing_workorder USING btree (operator_id);


--
-- Name: manufacturing_workorder_wo_number_4d012a85_like; Type: INDEX; Schema: public; Owner: postgres
--

CREATE INDEX manufacturing_workorder_wo_number_4d012a85_like ON public.manufacturing_workorder USING btree (wo_number varchar_pattern_ops);


--
-- Name: manufacturing_workorder_work_center_id_82213be6; Type: INDEX; Schema: public; Owner: postgres
--

CREATE INDEX manufacturing_workorder_work_center_id_82213be6 ON public.manufacturing_workorder USING btree (work_center_id);


--
-- Name: products_pr_product_cea9e6_idx; Type: INDEX; Schema: public; Owner: postgres
--

CREATE INDEX products_pr_product_cea9e6_idx ON public.products_product USING btree (product_type);


--
-- Name: products_pr_sku_ca0cdc_idx; Type: INDEX; Schema: public; Owner: postgres
--

CREATE INDEX products_pr_sku_ca0cdc_idx ON public.products_product USING btree (sku);


--
-- Name: products_product_created_by_id_dd4af40e; Type: INDEX; Schema: public; Owner: postgres
--

CREATE INDEX products_product_created_by_id_dd4af40e ON public.products_product USING btree (created_by_id);


--
-- Name: products_product_sku_3c51a516_like; Type: INDEX; Schema: public; Owner: postgres
--

CREATE INDEX products_product_sku_3c51a516_like ON public.products_product USING btree (sku varchar_pattern_ops);


--
-- Name: unique_active_bom_per_product; Type: INDEX; Schema: public; Owner: postgres
--

CREATE UNIQUE INDEX unique_active_bom_per_product ON public.bom_bom USING btree (product_id) WHERE is_active;


--
-- Name: user_auth_customuser_email_caa9f0c2_like; Type: INDEX; Schema: public; Owner: postgres
--

CREATE INDEX user_auth_customuser_email_caa9f0c2_like ON public.user_auth_customuser USING btree (email varchar_pattern_ops);


--
-- Name: user_auth_customuser_groups_customuser_id_28fc3501; Type: INDEX; Schema: public; Owner: postgres
--

CREATE INDEX user_auth_customuser_groups_customuser_id_28fc3501 ON public.user_auth_customuser_groups USING btree (customuser_id);


--
-- Name: user_auth_customuser_groups_group_id_c5ab4b5a; Type: INDEX; Schema: public; Owner: postgres
--

CREATE INDEX user_auth_customuser_groups_group_id_c5ab4b5a ON public.user_auth_customuser_groups USING btree (group_id);


--
-- Name: user_auth_customuser_user_permissions_customuser_id_1af44b47; Type: INDEX; Schema: public; Owner: postgres
--

CREATE INDEX user_auth_customuser_user_permissions_customuser_id_1af44b47 ON public.user_auth_customuser_user_permissions USING btree (customuser_id);


--
-- Name: user_auth_customuser_user_permissions_permission_id_eed84bc9; Type: INDEX; Schema: public; Owner: postgres
--

CREATE INDEX user_auth_customuser_user_permissions_permission_id_eed84bc9 ON public.user_auth_customuser_user_permissions USING btree (permission_id);


--
-- Name: user_auth_customuser_username_dcab8a67_like; Type: INDEX; Schema: public; Owner: postgres
--

CREATE INDEX user_auth_customuser_username_dcab8a67_like ON public.user_auth_customuser USING btree (username varchar_pattern_ops);


--
-- Name: workcenters_code_cf34c1_idx; Type: INDEX; Schema: public; Owner: postgres
--

CREATE INDEX workcenters_code_cf34c1_idx ON public.workcenters_workcenter USING btree (code);


--
-- Name: workcenters_is_acti_8bad7c_idx; Type: INDEX; Schema: public; Owner: postgres
--

CREATE INDEX workcenters_is_acti_8bad7c_idx ON public.workcenters_workcenter USING btree (is_active);


--
-- Name: workcenters_workcenter_code_5bc655e9_like; Type: INDEX; Schema: public; Owner: postgres
--

CREATE INDEX workcenters_workcenter_code_5bc655e9_like ON public.workcenters_workcenter USING btree (code varchar_pattern_ops);


--
-- Name: workcenters_workcenter_created_by_id_92584031; Type: INDEX; Schema: public; Owner: postgres
--

CREATE INDEX workcenters_workcenter_created_by_id_92584031 ON public.workcenters_workcenter USING btree (created_by_id);


--
-- Name: auth_group_permissions auth_group_permissio_permission_id_84c5c92e_fk_auth_perm; Type: FK CONSTRAINT; Schema: public; Owner: postgres
--

ALTER TABLE ONLY public.auth_group_permissions
    ADD CONSTRAINT auth_group_permissio_permission_id_84c5c92e_fk_auth_perm FOREIGN KEY (permission_id) REFERENCES public.auth_permission(id) DEFERRABLE INITIALLY DEFERRED;


--
-- Name: auth_group_permissions auth_group_permissions_group_id_b120cbf9_fk_auth_group_id; Type: FK CONSTRAINT; Schema: public; Owner: postgres
--

ALTER TABLE ONLY public.auth_group_permissions
    ADD CONSTRAINT auth_group_permissions_group_id_b120cbf9_fk_auth_group_id FOREIGN KEY (group_id) REFERENCES public.auth_group(id) DEFERRABLE INITIALLY DEFERRED;


--
-- Name: auth_permission auth_permission_content_type_id_2f476e4b_fk_django_co; Type: FK CONSTRAINT; Schema: public; Owner: postgres
--

ALTER TABLE ONLY public.auth_permission
    ADD CONSTRAINT auth_permission_content_type_id_2f476e4b_fk_django_co FOREIGN KEY (content_type_id) REFERENCES public.django_content_type(id) DEFERRABLE INITIALLY DEFERRED;


--
-- Name: bom_bom bom_bom_created_by_id_8fb9a941_fk_user_auth_customuser_id; Type: FK CONSTRAINT; Schema: public; Owner: postgres
--

ALTER TABLE ONLY public.bom_bom
    ADD CONSTRAINT bom_bom_created_by_id_8fb9a941_fk_user_auth_customuser_id FOREIGN KEY (created_by_id) REFERENCES public.user_auth_customuser(id) DEFERRABLE INITIALLY DEFERRED;


--
-- Name: bom_bom bom_bom_product_id_2bf393f9_fk_products_product_product_id; Type: FK CONSTRAINT; Schema: public; Owner: postgres
--

ALTER TABLE ONLY public.bom_bom
    ADD CONSTRAINT bom_bom_product_id_2bf393f9_fk_products_product_product_id FOREIGN KEY (product_id) REFERENCES public.products_product(product_id) DEFERRABLE INITIALLY DEFERRED;


--
-- Name: bom_bomcomponent bom_bomcomponent_bom_id_49ee6c9f_fk_bom_bom_bom_id; Type: FK CONSTRAINT; Schema: public; Owner: postgres
--

ALTER TABLE ONLY public.bom_bomcomponent
    ADD CONSTRAINT bom_bomcomponent_bom_id_49ee6c9f_fk_bom_bom_bom_id FOREIGN KEY (bom_id) REFERENCES public.bom_bom(bom_id) DEFERRABLE INITIALLY DEFERRED;


--
-- Name: bom_bomcomponent bom_bomcomponent_component_id_27aed530_fk_products_; Type: FK CONSTRAINT; Schema: public; Owner: postgres
--

ALTER TABLE ONLY public.bom_bomcomponent
    ADD CONSTRAINT bom_bomcomponent_component_id_27aed530_fk_products_ FOREIGN KEY (component_id) REFERENCES public.products_product(product_id) DEFERRABLE INITIALLY DEFERRED;


--
-- Name: bom_bomoperation bom_bomoperation_bom_id_bbc1801f_fk_bom_bom_bom_id; Type: FK CONSTRAINT; Schema: public; Owner: postgres
--

ALTER TABLE ONLY public.bom_bomoperation
    ADD CONSTRAINT bom_bomoperation_bom_id_bbc1801f_fk_bom_bom_bom_id FOREIGN KEY (bom_id) REFERENCES public.bom_bom(bom_id) DEFERRABLE INITIALLY DEFERRED;


--
-- Name: bom_bomoperation bom_bomoperation_work_center_id_5638e6b4_fk_workcente; Type: FK CONSTRAINT; Schema: public; Owner: postgres
--

ALTER TABLE ONLY public.bom_bomoperation
    ADD CONSTRAINT bom_bomoperation_work_center_id_5638e6b4_fk_workcente FOREIGN KEY (work_center_id) REFERENCES public.workcenters_workcenter(work_center_id) DEFERRABLE INITIALLY DEFERRED;


--
-- Name: django_admin_log django_admin_log_content_type_id_c4bce8eb_fk_django_co; Type: FK CONSTRAINT; Schema: public; Owner: postgres
--

ALTER TABLE ONLY public.django_admin_log
    ADD CONSTRAINT django_admin_log_content_type_id_c4bce8eb_fk_django_co FOREIGN KEY (content_type_id) REFERENCES public.django_content_type(id) DEFERRABLE INITIALLY DEFERRED;


--
-- Name: django_admin_log django_admin_log_user_id_c564eba6_fk_user_auth_customuser_id; Type: FK CONSTRAINT; Schema: public; Owner: postgres
--

ALTER TABLE ONLY public.django_admin_log
    ADD CONSTRAINT django_admin_log_user_id_c564eba6_fk_user_auth_customuser_id FOREIGN KEY (user_id) REFERENCES public.user_auth_customuser(id) DEFERRABLE INITIALLY DEFERRED;


--
-- Name: inventory_stockadjustment inventory_stockadjus_approved_by_id_bc6c9592_fk_user_auth; Type: FK CONSTRAINT; Schema: public; Owner: postgres
--

ALTER TABLE ONLY public.inventory_stockadjustment
    ADD CONSTRAINT inventory_stockadjus_approved_by_id_bc6c9592_fk_user_auth FOREIGN KEY (approved_by_id) REFERENCES public.user_auth_customuser(id) DEFERRABLE INITIALLY DEFERRED;


--
-- Name: inventory_stockadjustment inventory_stockadjus_created_by_id_d3ef1412_fk_user_auth; Type: FK CONSTRAINT; Schema: public; Owner: postgres
--

ALTER TABLE ONLY public.inventory_stockadjustment
    ADD CONSTRAINT inventory_stockadjus_created_by_id_d3ef1412_fk_user_auth FOREIGN KEY (created_by_id) REFERENCES public.user_auth_customuser(id) DEFERRABLE INITIALLY DEFERRED;


--
-- Name: inventory_stockadjustment inventory_stockadjus_product_id_b7566f69_fk_products_; Type: FK CONSTRAINT; Schema: public; Owner: postgres
--

ALTER TABLE ONLY public.inventory_stockadjustment
    ADD CONSTRAINT inventory_stockadjus_product_id_b7566f69_fk_products_ FOREIGN KEY (product_id) REFERENCES public.products_product(product_id) DEFERRABLE INITIALLY DEFERRED;


--
-- Name: inventory_stockledger inventory_stockledge_created_by_id_8d0629c4_fk_user_auth; Type: FK CONSTRAINT; Schema: public; Owner: postgres
--

ALTER TABLE ONLY public.inventory_stockledger
    ADD CONSTRAINT inventory_stockledge_created_by_id_8d0629c4_fk_user_auth FOREIGN KEY (created_by_id) REFERENCES public.user_auth_customuser(id) DEFERRABLE INITIALLY DEFERRED;


--
-- Name: inventory_stockledger inventory_stockledge_product_id_ebab03d0_fk_products_; Type: FK CONSTRAINT; Schema: public; Owner: postgres
--

ALTER TABLE ONLY public.inventory_stockledger
    ADD CONSTRAINT inventory_stockledge_product_id_ebab03d0_fk_products_ FOREIGN KEY (product_id) REFERENCES public.products_product(product_id) DEFERRABLE INITIALLY DEFERRED;


--
-- Name: inventory_stockledger inventory_stockledge_related_mo_id_ea55d44f_fk_manufactu; Type: FK CONSTRAINT; Schema: public; Owner: postgres
--

ALTER TABLE ONLY public.inventory_stockledger
    ADD CONSTRAINT inventory_stockledge_related_mo_id_ea55d44f_fk_manufactu FOREIGN KEY (related_mo_id) REFERENCES public.manufacturing_manufacturingorder(mo_id) DEFERRABLE INITIALLY DEFERRED;


--
-- Name: manufacturing_manufacturingorder manufacturing_manufa_assignee_id_25c9bff4_fk_user_auth; Type: FK CONSTRAINT; Schema: public; Owner: postgres
--

ALTER TABLE ONLY public.manufacturing_manufacturingorder
    ADD CONSTRAINT manufacturing_manufa_assignee_id_25c9bff4_fk_user_auth FOREIGN KEY (assignee_id) REFERENCES public.user_auth_customuser(id) DEFERRABLE INITIALLY DEFERRED;


--
-- Name: manufacturing_manufacturingorder manufacturing_manufa_bom_id_97043518_fk_bom_bom_b; Type: FK CONSTRAINT; Schema: public; Owner: postgres
--

ALTER TABLE ONLY public.manufacturing_manufacturingorder
    ADD CONSTRAINT manufacturing_manufa_bom_id_97043518_fk_bom_bom_b FOREIGN KEY (bom_id) REFERENCES public.bom_bom(bom_id) DEFERRABLE INITIALLY DEFERRED;


--
-- Name: manufacturing_manufacturingorder manufacturing_manufa_created_by_id_7261f878_fk_user_auth; Type: FK CONSTRAINT; Schema: public; Owner: postgres
--

ALTER TABLE ONLY public.manufacturing_manufacturingorder
    ADD CONSTRAINT manufacturing_manufa_created_by_id_7261f878_fk_user_auth FOREIGN KEY (created_by_id) REFERENCES public.user_auth_customuser(id) DEFERRABLE INITIALLY DEFERRED;


--
-- Name: manufacturing_manufacturingorder manufacturing_manufa_product_id_1c1c781b_fk_products_; Type: FK CONSTRAINT; Schema: public; Owner: postgres
--

ALTER TABLE ONLY public.manufacturing_manufacturingorder
    ADD CONSTRAINT manufacturing_manufa_product_id_1c1c781b_fk_products_ FOREIGN KEY (product_id) REFERENCES public.products_product(product_id) DEFERRABLE INITIALLY DEFERRED;


--
-- Name: manufacturing_workorder manufacturing_workor_bom_operation_id_035e6d8a_fk_bom_bomop; Type: FK CONSTRAINT; Schema: public; Owner: postgres
--

ALTER TABLE ONLY public.manufacturing_workorder
    ADD CONSTRAINT manufacturing_workor_bom_operation_id_035e6d8a_fk_bom_bomop FOREIGN KEY (bom_operation_id) REFERENCES public.bom_bomoperation(id) DEFERRABLE INITIALLY DEFERRED;


--
-- Name: manufacturing_workorder manufacturing_workor_mo_id_b47be9e6_fk_manufactu; Type: FK CONSTRAINT; Schema: public; Owner: postgres
--

ALTER TABLE ONLY public.manufacturing_workorder
    ADD CONSTRAINT manufacturing_workor_mo_id_b47be9e6_fk_manufactu FOREIGN KEY (mo_id) REFERENCES public.manufacturing_manufacturingorder(mo_id) DEFERRABLE INITIALLY DEFERRED;


--
-- Name: manufacturing_workorder manufacturing_workor_operator_id_81788fc0_fk_user_auth; Type: FK CONSTRAINT; Schema: public; Owner: postgres
--

ALTER TABLE ONLY public.manufacturing_workorder
    ADD CONSTRAINT manufacturing_workor_operator_id_81788fc0_fk_user_auth FOREIGN KEY (operator_id) REFERENCES public.user_auth_customuser(id) DEFERRABLE INITIALLY DEFERRED;


--
-- Name: manufacturing_workorder manufacturing_workor_work_center_id_82213be6_fk_workcente; Type: FK CONSTRAINT; Schema: public; Owner: postgres
--

ALTER TABLE ONLY public.manufacturing_workorder
    ADD CONSTRAINT manufacturing_workor_work_center_id_82213be6_fk_workcente FOREIGN KEY (work_center_id) REFERENCES public.workcenters_workcenter(work_center_id) DEFERRABLE INITIALLY DEFERRED;


--
-- Name: products_product products_product_created_by_id_dd4af40e_fk_user_auth; Type: FK CONSTRAINT; Schema: public; Owner: postgres
--

ALTER TABLE ONLY public.products_product
    ADD CONSTRAINT products_product_created_by_id_dd4af40e_fk_user_auth FOREIGN KEY (created_by_id) REFERENCES public.user_auth_customuser(id) DEFERRABLE INITIALLY DEFERRED;


--
-- Name: user_auth_customuser_user_permissions user_auth_customuser_customuser_id_1af44b47_fk_user_auth; Type: FK CONSTRAINT; Schema: public; Owner: postgres
--

ALTER TABLE ONLY public.user_auth_customuser_user_permissions
    ADD CONSTRAINT user_auth_customuser_customuser_id_1af44b47_fk_user_auth FOREIGN KEY (customuser_id) REFERENCES public.user_auth_customuser(id) DEFERRABLE INITIALLY DEFERRED;


--
-- Name: user_auth_customuser_groups user_auth_customuser_customuser_id_28fc3501_fk_user_auth; Type: FK CONSTRAINT; Schema: public; Owner: postgres
--

ALTER TABLE ONLY public.user_auth_customuser_groups
    ADD CONSTRAINT user_auth_customuser_customuser_id_28fc3501_fk_user_auth FOREIGN KEY (customuser_id) REFERENCES public.user_auth_customuser(id) DEFERRABLE INITIALLY DEFERRED;


--
-- Name: user_auth_customuser_groups user_auth_customuser_groups_group_id_c5ab4b5a_fk_auth_group_id; Type: FK CONSTRAINT; Schema: public; Owner: postgres
--

ALTER TABLE ONLY public.user_auth_customuser_groups
    ADD CONSTRAINT user_auth_customuser_groups_group_id_c5ab4b5a_fk_auth_group_id FOREIGN KEY (group_id) REFERENCES public.auth_group(id) DEFERRABLE INITIALLY DEFERRED;


--
-- Name: user_auth_customuser_user_permissions user_auth_customuser_permission_id_eed84bc9_fk_auth_perm; Type: FK CONSTRAINT; Schema: public; Owner: postgres
--

ALTER TABLE ONLY public.user_auth_customuser_user_permissions
    ADD CONSTRAINT user_auth_customuser_permission_id_eed84bc9_fk_auth_perm FOREIGN KEY (permission_id) REFERENCES public.auth_permission(id) DEFERRABLE INITIALLY DEFERRED;


--
-- Name: workcenters_workcenter workcenters_workcent_created_by_id_92584031_fk_user_auth; Type: FK CONSTRAINT; Schema: public; Owner: postgres
--

ALTER TABLE ONLY public.workcenters_workcenter
    ADD CONSTRAINT workcenters_workcent_created_by_id_92584031_fk_user_auth FOREIGN KEY (created_by_id) REFERENCES public.user_auth_customuser(id) DEFERRABLE INITIALLY DEFERRED;


--
-- PostgreSQL database dump complete
--

